2018-09-17 09:30:00,275.17
2018-09-17 09:31:00,275.44
2018-09-17 09:32:00,275.06
2018-09-17 09:33:00,274.97
2018-09-17 09:34:00,275.04
2018-09-17 09:35:00,275.21
2018-09-17 09:36:00,274.98
2018-09-17 09:37:00,274.33
2018-09-17 09:38:00,273.3
2018-09-17 09:39:00,273.52
2018-09-17 09:40:00,273.4
2018-09-17 09:41:00,273.0
2018-09-17 09:42:00,273.09
2018-09-17 09:43:00,272.77
2018-09-17 09:44:00,273.405
2018-09-17 09:45:00,273.5
2018-09-17 09:46:00,273.58
2018-09-17 09:47:00,273.42
2018-09-17 09:48:00,273.5
2018-09-17 09:49:00,273.51
2018-09-17 09:50:00,274.29
2018-09-17 09:51:00,274.1605
2018-09-17 09:52:00,274.2071
2018-09-17 09:53:00,274.0591
2018-09-17 09:54:00,273.87
2018-09-17 09:55:00,273.89
2018-09-17 09:56:00,274.3144
2018-09-17 09:57:00,274.54
2018-09-17 09:58:00,274.41
2018-09-17 09:59:00,274.2508
2018-09-17 10:00:00,273.76
2018-09-17 10:01:00,273.53
2018-09-17 10:02:00,273.52
2018-09-17 10:03:00,273.38
2018-09-17 10:04:00,273.47
2018-09-17 10:05:00,273.24
2018-09-17 10:06:00,273.08
2018-09-17 10:07:00,272.89
2018-09-17 10:08:00,272.9
2018-09-17 10:09:00,272.825
2018-09-17 10:10:00,272.92
2018-09-17 10:11:00,272.75
2018-09-17 10:12:00,272.75
2018-09-17 10:13:00,272.81
2018-09-17 10:14:00,272.95
2018-09-17 10:15:00,272.74
2018-09-17 10:16:00,272.5
2018-09-17 10:17:00,272.65
2018-09-17 10:18:00,272.47
2018-09-17 10:19:00,272.355
2018-09-17 10:20:00,272.35
2018-09-17 10:21:00,272.57
2018-09-17 10:22:00,272.4124
2018-09-17 10:23:00,272.17
2018-09-17 10:24:00,272.19
2018-09-17 10:25:00,272.62
2018-09-17 10:26:00,272.75
2018-09-17 10:27:00,272.67
2018-09-17 10:28:00,272.7
2018-09-17 10:29:00,272.7
2018-09-17 10:30:00,272.43
2018-09-17 10:31:00,272.67
2018-09-17 10:32:00,273.22
2018-09-17 10:33:00,272.86
2018-09-17 10:34:00,272.6
2018-09-17 10:35:00,272.55
2018-09-17 10:36:00,272.62
2018-09-17 10:37:00,272.53
2018-09-17 10:38:00,272.53
2018-09-17 10:39:00,272.57
2018-09-17 10:40:00,272.55
2018-09-17 10:41:00,272.59
2018-09-17 10:42:00,272.51
2018-09-17 10:43:00,272.565
2018-09-17 10:44:00,272.43
2018-09-17 10:45:00,272.46
2018-09-17 10:46:00,272.46
2018-09-17 10:47:00,272.355
2018-09-17 10:48:00,271.78
2018-09-17 10:49:00,271.8
2018-09-17 10:50:00,271.8
2018-09-17 10:51:00,271.8
2018-09-17 10:52:00,271.8
2018-09-17 10:53:00,271.86
2018-09-17 10:54:00,272.0
2018-09-17 10:55:00,271.255
2018-09-17 10:56:00,271.27
2018-09-17 10:57:00,271.25
2018-09-17 10:58:00,271.26
2018-09-17 10:59:00,271.29
2018-09-17 11:00:00,271.48
2018-09-17 11:01:00,271.73
2018-09-17 11:02:00,271.77
2018-09-17 11:03:00,271.72
2018-09-17 11:04:00,272.06
2018-09-17 11:05:00,271.31
2018-09-17 11:06:00,271.72
2018-09-17 11:07:00,272.01
2018-09-17 11:08:00,271.74
2018-09-17 11:09:00,271.92
2018-09-17 11:10:00,272.15
2018-09-17 11:11:00,272.19
2018-09-17 11:12:00,272.28
2018-09-17 11:13:00,272.39
2018-09-17 11:14:00,272.25
2018-09-17 11:15:00,272.29
2018-09-17 11:16:00,272.22
2018-09-17 11:17:00,272.32
2018-09-17 11:18:00,272.15
2018-09-17 11:19:00,272.14
2018-09-17 11:20:00,272.17
2018-09-17 11:21:00,272.36
2018-09-17 11:22:00,272.3664
2018-09-17 11:23:00,272.36
2018-09-17 11:24:00,272.26
2018-09-17 11:25:00,272.16
2018-09-17 11:26:00,272.26
2018-09-17 11:27:00,272.13
2018-09-17 11:28:00,272.15
2018-09-17 11:29:00,271.83
2018-09-17 11:30:00,271.97
2018-09-17 11:31:00,272.38
2018-09-17 11:32:00,272.48
2018-09-17 11:33:00,272.37
2018-09-17 11:34:00,272.41
2018-09-17 11:35:00,272.625
2018-09-17 11:36:00,272.3
2018-09-17 11:37:00,272.39
2018-09-17 11:38:00,272.47
2018-09-17 11:39:00,272.46
2018-09-17 11:40:00,272.54
2018-09-17 11:41:00,272.53
2018-09-17 11:42:00,272.5
2018-09-17 11:43:00,272.555
2018-09-17 11:44:00,272.71
2018-09-17 11:45:00,272.4657
2018-09-17 11:46:00,272.6
2018-09-17 11:47:00,272.21
2018-09-17 11:48:00,272.15
2018-09-17 11:49:00,272.12
2018-09-17 11:50:00,271.94
2018-09-17 11:51:00,272.02
2018-09-17 11:52:00,272.11
2018-09-17 11:53:00,272.06
2018-09-17 11:54:00,271.94
2018-09-17 11:55:00,272.08
2018-09-17 11:56:00,272.14
2018-09-17 11:57:00,272.05
2018-09-17 11:58:00,271.94
2018-09-17 11:59:00,271.99
2018-09-17 12:00:00,271.94
2018-09-17 12:01:00,271.94
2018-09-17 12:03:00,271.98
2018-09-17 12:04:00,271.99
2018-09-17 12:05:00,271.94
2018-09-17 12:06:00,272.0394
2018-09-17 12:07:00,272.1024
2018-09-17 12:08:00,271.95
2018-09-17 12:09:00,271.94
2018-09-17 12:10:00,272.08
2018-09-17 12:11:00,271.93
2018-09-17 12:12:00,271.84
2018-09-17 12:13:00,271.89
2018-09-17 12:14:00,271.82
2018-09-17 12:15:00,271.93
2018-09-17 12:16:00,272.05
2018-09-17 12:17:00,271.96
2018-09-17 12:18:00,271.8
2018-09-17 12:19:00,272.08
2018-09-17 12:20:00,272.05
2018-09-17 12:21:00,272.0
2018-09-17 12:22:00,272.1
2018-09-17 12:23:00,272.06
2018-09-17 12:24:00,272.1
2018-09-17 12:25:00,272.16
2018-09-17 12:26:00,272.21
2018-09-17 12:27:00,272.08
2018-09-17 12:28:00,271.92
2018-09-17 12:29:00,271.68
2018-09-17 12:30:00,271.74
2018-09-17 12:31:00,271.6
2018-09-17 12:32:00,271.565
2018-09-17 12:33:00,271.42
2018-09-17 12:34:00,271.36
2018-09-17 12:35:00,271.44
2018-09-17 12:36:00,271.55
2018-09-17 12:37:00,271.5721
2018-09-17 12:38:00,271.49
2018-09-17 12:39:00,271.5639
2018-09-17 12:40:00,271.41
2018-09-17 12:41:00,271.5484
2018-09-17 12:42:00,271.51
2018-09-17 12:43:00,271.52
2018-09-17 12:44:00,271.39
2018-09-17 12:45:00,271.53
2018-09-17 12:46:00,271.68
2018-09-17 12:47:00,271.76
2018-09-17 12:48:00,271.87
2018-09-17 12:49:00,272.02
2018-09-17 12:50:00,272.2
2018-09-17 12:51:00,271.93
2018-09-17 12:52:00,271.87
2018-09-17 12:53:00,271.84
2018-09-17 12:54:00,271.66
2018-09-17 12:55:00,271.53
2018-09-17 12:56:00,271.46
2018-09-17 12:57:00,271.76
2018-09-17 12:58:00,271.69
2018-09-17 12:59:00,271.7397
2018-09-17 13:00:00,271.71
2018-09-17 13:01:00,271.7
2018-09-17 13:02:00,271.52
2018-09-17 13:03:00,271.46
2018-09-17 13:04:00,271.375
2018-09-17 13:05:00,271.35
2018-09-17 13:06:00,271.39
2018-09-17 13:07:00,271.42
2018-09-17 13:08:00,271.44
2018-09-17 13:09:00,271.361
2018-09-17 13:10:00,271.47
2018-09-17 13:11:00,271.37
2018-09-17 13:12:00,271.44
2018-09-17 13:13:00,271.3
2018-09-17 13:14:00,271.12
2018-09-17 13:15:00,271.16
2018-09-17 13:16:00,271.18
2018-09-17 13:17:00,271.281
2018-09-17 13:18:00,271.1
2018-09-17 13:19:00,271.07
2018-09-17 13:20:00,271.08
2018-09-17 13:21:00,271.17
2018-09-17 13:22:00,271.12
2018-09-17 13:23:00,271.06
2018-09-17 13:24:00,271.02
2018-09-17 13:25:00,271.02
2018-09-17 13:26:00,270.92
2018-09-17 13:27:00,270.66
2018-09-17 13:28:00,270.5801
2018-09-17 13:29:00,270.65
2018-09-17 13:30:00,270.44
2018-09-17 13:31:00,270.3
2018-09-17 13:32:00,270.39
2018-09-17 13:33:00,270.29
2018-09-17 13:34:00,270.33
2018-09-17 13:35:00,270.23
2018-09-17 13:36:00,270.17
2018-09-17 13:37:00,270.2385
2018-09-17 13:38:00,270.22
2018-09-17 13:39:00,270.39
2018-09-17 13:40:00,270.48
2018-09-17 13:41:00,270.411
2018-09-17 13:42:00,270.48
2018-09-17 13:43:00,270.48
2018-09-17 13:44:00,270.6
2018-09-17 13:45:00,270.5901
2018-09-17 13:46:00,270.44
2018-09-17 13:47:00,270.2
2018-09-17 13:48:00,270.33
2018-09-17 13:49:00,270.34
2018-09-17 13:50:00,270.14
2018-09-17 13:51:00,270.1461
2018-09-17 13:52:00,269.83
2018-09-17 13:53:00,270.13
2018-09-17 13:54:00,270.37
2018-09-17 13:55:00,270.795
2018-09-17 13:56:00,270.495
2018-09-17 13:57:00,270.46
2018-09-17 13:58:00,270.335
2018-09-17 13:59:00,270.32
2018-09-17 14:00:00,270.2246
2018-09-17 14:01:00,270.38
2018-09-17 14:02:00,270.4778
2018-09-17 14:03:00,270.27
2018-09-17 14:04:00,270.11
2018-09-17 14:05:00,270.11
2018-09-17 14:06:00,270.1
2018-09-17 14:07:00,270.15
2018-09-17 14:08:00,270.2
2018-09-17 14:09:00,270.37
2018-09-17 14:10:00,270.48
2018-09-17 14:11:00,270.47
2018-09-17 14:12:00,270.58
2018-09-17 14:13:00,270.51
2018-09-17 14:14:00,270.65
2018-09-17 14:15:00,270.6
2018-09-17 14:16:00,270.75
2018-09-17 14:17:00,270.72
2018-09-17 14:18:00,270.67
2018-09-17 14:19:00,270.61
2018-09-17 14:20:00,270.61
2018-09-17 14:21:00,270.58
2018-09-17 14:22:00,270.48
2018-09-17 14:23:00,270.435
2018-09-17 14:24:00,270.43
2018-09-17 14:25:00,270.52
2018-09-17 14:26:00,270.51
2018-09-17 14:27:00,270.22
2018-09-17 14:28:00,270.24
2018-09-17 14:29:00,270.16
2018-09-17 14:30:00,270.2503
2018-09-17 14:31:00,270.22
2018-09-17 14:32:00,270.22
2018-09-17 14:33:00,270.29
2018-09-17 14:34:00,270.27
2018-09-17 14:35:00,270.36
2018-09-17 14:36:00,270.39
2018-09-17 14:37:00,270.2701
2018-09-17 14:38:00,270.34
2018-09-17 14:39:00,270.4
2018-09-17 14:40:00,270.51
2018-09-17 14:41:00,270.41
2018-09-17 14:42:00,270.54
2018-09-17 14:43:00,270.54
2018-09-17 14:44:00,270.48
2018-09-17 14:45:00,270.4
2018-09-17 14:46:00,270.2589
2018-09-17 14:47:00,270.26
2018-09-17 14:48:00,270.28
2018-09-17 14:49:00,270.2934
2018-09-17 14:50:00,270.2172
2018-09-17 14:51:00,270.16
2018-09-17 14:52:00,270.13
2018-09-17 14:53:00,270.14
2018-09-17 14:54:00,270.21
2018-09-17 14:55:00,270.36
2018-09-17 14:56:00,270.34
2018-09-17 14:57:00,270.26
2018-09-17 14:58:00,270.2
2018-09-17 14:59:00,270.02
2018-09-17 15:00:00,269.96
2018-09-17 15:01:00,269.9
2018-09-17 15:02:00,270.0
2018-09-17 15:03:00,270.03
2018-09-17 15:04:00,269.8936
2018-09-17 15:05:00,269.92
2018-09-17 15:06:00,269.86
2018-09-17 15:07:00,269.75
2018-09-17 15:08:00,269.67
2018-09-17 15:09:00,269.65
2018-09-17 15:10:00,269.67
2018-09-17 15:11:00,269.61
2018-09-17 15:12:00,269.79
2018-09-17 15:13:00,269.73
2018-09-17 15:14:00,269.66
2018-09-17 15:15:00,269.69
2018-09-17 15:16:00,269.59
2018-09-17 15:17:00,269.41
2018-09-17 15:18:00,269.32
2018-09-17 15:19:00,269.12
2018-09-17 15:20:00,268.99
2018-09-17 15:21:00,268.98
2018-09-17 15:22:00,269.0
2018-09-17 15:23:00,269.14
2018-09-17 15:24:00,269.09
2018-09-17 15:25:00,268.99
2018-09-17 15:26:00,269.14
2018-09-17 15:27:00,269.13
2018-09-17 15:28:00,269.1
2018-09-17 15:29:00,269.02
2018-09-17 15:30:00,268.85
2018-09-17 15:31:00,268.9
2018-09-17 15:32:00,268.77
2018-09-17 15:33:00,268.66
2018-09-17 15:34:00,268.5
2018-09-17 15:35:00,268.42
2018-09-17 15:36:00,268.48
2018-09-17 15:37:00,268.44
2018-09-17 15:38:00,268.39
2018-09-17 15:39:00,268.4
2018-09-17 15:40:00,268.2
2018-09-17 15:41:00,267.95
2018-09-17 15:42:00,267.96
2018-09-17 15:43:00,267.83
2018-09-17 15:44:00,267.86
2018-09-17 15:45:00,268.08
2018-09-17 15:46:00,268.015
2018-09-17 15:47:00,268.1649
2018-09-17 15:48:00,268.3
2018-09-17 15:49:00,268.2
2018-09-17 15:50:00,268.26
2018-09-17 15:51:00,267.96
2018-09-17 15:52:00,267.93
2018-09-17 15:53:00,267.96
2018-09-17 15:54:00,267.76
2018-09-17 15:55:00,267.87
2018-09-17 15:56:00,267.97
2018-09-17 15:57:00,267.91
2018-09-17 15:58:00,267.96
2018-09-17 15:59:00,268.22
2018-09-18 09:30:00,266.8
2018-09-18 09:31:00,268.68
2018-09-18 09:32:00,270.0
2018-09-18 09:33:00,269.51
2018-09-18 09:34:00,269.5201
2018-09-18 09:35:00,270.0
2018-09-18 09:36:00,270.59
2018-09-18 09:37:00,271.17
2018-09-18 09:38:00,270.9301
2018-09-18 09:39:00,271.5
2018-09-18 09:40:00,270.946
2018-09-18 09:41:00,271.01
2018-09-18 09:42:00,270.6
2018-09-18 09:43:00,270.17
2018-09-18 09:44:00,270.71
2018-09-18 09:45:00,270.91
2018-09-18 09:46:00,270.98
2018-09-18 09:47:00,270.8785
2018-09-18 09:48:00,270.96
2018-09-18 09:49:00,271.17
2018-09-18 09:50:00,271.26
2018-09-18 09:51:00,271.7382
2018-09-18 09:52:00,271.61
2018-09-18 09:53:00,271.9
2018-09-18 09:54:00,271.46
2018-09-18 09:55:00,271.7183
2018-09-18 09:56:00,272.14
2018-09-18 09:57:00,272.37
2018-09-18 09:58:00,272.27
2018-09-18 09:59:00,272.29
2018-09-18 10:00:00,272.04
2018-09-18 10:01:00,272.14
2018-09-18 10:02:00,272.399
2018-09-18 10:03:00,272.6
2018-09-18 10:04:00,272.19
2018-09-18 10:05:00,272.54
2018-09-18 10:06:00,272.7786
2018-09-18 10:07:00,272.34
2018-09-18 10:08:00,272.195
2018-09-18 10:09:00,272.36
2018-09-18 10:10:00,272.16
2018-09-18 10:11:00,272.2
2018-09-18 10:12:00,272.41
2018-09-18 10:13:00,272.605
2018-09-18 10:14:00,272.95
2018-09-18 10:15:00,273.17
2018-09-18 10:16:00,272.9865
2018-09-18 10:17:00,272.86
2018-09-18 10:18:00,272.99
2018-09-18 10:19:00,273.18
2018-09-18 10:20:00,272.989
2018-09-18 10:21:00,273.25
2018-09-18 10:22:00,273.46
2018-09-18 10:23:00,273.318
2018-09-18 10:24:00,273.4
2018-09-18 10:25:00,273.27
2018-09-18 10:26:00,272.8
2018-09-18 10:27:00,272.64
2018-09-18 10:28:00,272.69
2018-09-18 10:29:00,273.07
2018-09-18 10:30:00,273.0
2018-09-18 10:31:00,273.06
2018-09-18 10:32:00,273.1042
2018-09-18 10:33:00,272.94
2018-09-18 10:34:00,272.955
2018-09-18 10:35:00,273.1
2018-09-18 10:36:00,273.12
2018-09-18 10:37:00,273.0
2018-09-18 10:38:00,272.93
2018-09-18 10:39:00,272.86
2018-09-18 10:40:00,272.39
2018-09-18 10:41:00,272.69
2018-09-18 10:42:00,272.965
2018-09-18 10:43:00,272.99
2018-09-18 10:44:00,272.9277
2018-09-18 10:45:00,272.979
2018-09-18 10:46:00,273.0125
2018-09-18 10:47:00,272.84
2018-09-18 10:48:00,272.71
2018-09-18 10:49:00,272.51
2018-09-18 10:50:00,272.715
2018-09-18 10:51:00,272.57
2018-09-18 10:52:00,272.59
2018-09-18 10:53:00,272.93
2018-09-18 10:54:00,272.98
2018-09-18 10:55:00,273.28
2018-09-18 10:56:00,273.39
2018-09-18 10:57:00,273.61
2018-09-18 10:58:00,273.435
2018-09-18 10:59:00,273.61
2018-09-18 11:00:00,273.61
2018-09-18 11:01:00,273.1
2018-09-18 11:02:00,272.95
2018-09-18 11:03:00,272.93
2018-09-18 11:04:00,273.1
2018-09-18 11:05:00,273.08
2018-09-18 11:06:00,272.84
2018-09-18 11:07:00,272.755
2018-09-18 11:08:00,272.8225
2018-09-18 11:09:00,272.76
2018-09-18 11:10:00,272.86
2018-09-18 11:11:00,272.78
2018-09-18 11:12:00,272.91
2018-09-18 11:13:00,272.79
2018-09-18 11:14:00,272.94
2018-09-18 11:15:00,272.98
2018-09-18 11:16:00,272.95
2018-09-18 11:17:00,272.89
2018-09-18 11:18:00,272.75
2018-09-18 11:19:00,272.94
2018-09-18 11:20:00,273.105
2018-09-18 11:21:00,272.98
2018-09-18 11:22:00,272.96
2018-09-18 11:23:00,272.94
2018-09-18 11:24:00,273.16
2018-09-18 11:25:00,273.1
2018-09-18 11:26:00,273.05
2018-09-18 11:27:00,273.14
2018-09-18 11:28:00,273.03
2018-09-18 11:29:00,273.24
2018-09-18 11:30:00,273.12
2018-09-18 11:31:00,273.15
2018-09-18 11:32:00,273.26
2018-09-18 11:33:00,273.36
2018-09-18 11:34:00,273.3999
2018-09-18 11:35:00,273.69
2018-09-18 11:36:00,273.62
2018-09-18 11:37:00,273.7
2018-09-18 11:38:00,273.34
2018-09-18 11:39:00,273.45
2018-09-18 11:40:00,273.54
2018-09-18 11:41:00,273.5707
2018-09-18 11:42:00,273.18
2018-09-18 11:43:00,273.37
2018-09-18 11:44:00,273.28
2018-09-18 11:45:00,273.41
2018-09-18 11:46:00,273.3
2018-09-18 11:47:00,272.925
2018-09-18 11:48:00,273.12
2018-09-18 11:49:00,273.02
2018-09-18 11:50:00,272.99
2018-09-18 11:51:00,273.03
2018-09-18 11:52:00,272.895
2018-09-18 11:53:00,272.82
2018-09-18 11:54:00,272.97
2018-09-18 11:55:00,273.06
2018-09-18 11:56:00,272.99
2018-09-18 11:57:00,273.07
2018-09-18 11:58:00,273.0457
2018-09-18 11:59:00,273.17
2018-09-18 12:00:00,273.44
2018-09-18 12:01:00,273.68
2018-09-18 12:02:00,273.55
2018-09-18 12:03:00,273.4599
2018-09-18 12:04:00,273.48
2018-09-18 12:05:00,273.44
2018-09-18 12:06:00,273.38
2018-09-18 12:07:00,273.27
2018-09-18 12:08:00,273.28
2018-09-18 12:09:00,273.23
2018-09-18 12:10:00,273.175
2018-09-18 12:11:00,273.09
2018-09-18 12:12:00,273.0362
2018-09-18 12:13:00,273.09
2018-09-18 12:14:00,273.02
2018-09-18 12:15:00,272.88
2018-09-18 12:16:00,272.61
2018-09-18 12:17:00,272.46
2018-09-18 12:18:00,272.41
2018-09-18 12:19:00,272.41
2018-09-18 12:20:00,272.63
2018-09-18 12:21:00,272.6327
2018-09-18 12:22:00,272.53
2018-09-18 12:23:00,272.56
2018-09-18 12:24:00,272.6
2018-09-18 12:25:00,272.56
2018-09-18 12:26:00,272.64
2018-09-18 12:27:00,272.51
2018-09-18 12:28:00,272.545
2018-09-18 12:29:00,272.59
2018-09-18 12:30:00,272.73
2018-09-18 12:31:00,272.69
2018-09-18 12:32:00,272.54
2018-09-18 12:33:00,272.45
2018-09-18 12:34:00,272.55
2018-09-18 12:35:00,272.61
2018-09-18 12:36:00,272.59
2018-09-18 12:37:00,272.84
2018-09-18 12:38:00,272.91
2018-09-18 12:39:00,272.97
2018-09-18 12:40:00,272.9
2018-09-18 12:41:00,272.56
2018-09-18 12:42:00,272.54
2018-09-18 12:43:00,272.63
2018-09-18 12:44:00,272.51
2018-09-18 12:45:00,272.6536
2018-09-18 12:46:00,272.56
2018-09-18 12:47:00,272.47
2018-09-18 12:48:00,272.62
2018-09-18 12:49:00,272.5
2018-09-18 12:50:00,272.5
2018-09-18 12:51:00,272.57
2018-09-18 12:52:00,272.57
2018-09-18 12:53:00,272.63
2018-09-18 12:54:00,272.65
2018-09-18 12:55:00,272.82
2018-09-18 12:56:00,272.79
2018-09-18 12:57:00,272.76
2018-09-18 12:58:00,272.62
2018-09-18 12:59:00,272.6
2018-09-18 13:00:00,272.78
2018-09-18 13:01:00,272.87
2018-09-18 13:02:00,272.78
2018-09-18 13:03:00,272.71
2018-09-18 13:04:00,272.67
2018-09-18 13:05:00,272.65
2018-09-18 13:06:00,272.54
2018-09-18 13:07:00,272.56
2018-09-18 13:08:00,272.64
2018-09-18 13:09:00,272.5675
2018-09-18 13:10:00,272.57
2018-09-18 13:11:00,272.61
2018-09-18 13:12:00,272.6
2018-09-18 13:13:00,272.55
2018-09-18 13:14:00,272.61
2018-09-18 13:15:00,272.67
2018-09-18 13:17:00,272.655
2018-09-18 13:18:00,272.5575
2018-09-18 13:19:00,272.51
2018-09-18 13:20:00,272.34
2018-09-18 13:21:00,272.29
2018-09-18 13:22:00,272.225
2018-09-18 13:23:00,272.32
2018-09-18 13:24:00,272.25
2018-09-18 13:25:00,272.14
2018-09-18 13:26:00,272.01
2018-09-18 13:27:00,271.9
2018-09-18 13:28:00,271.99
2018-09-18 13:29:00,272.1302
2018-09-18 13:30:00,272.08
2018-09-18 13:31:00,271.885
2018-09-18 13:32:00,271.7
2018-09-18 13:33:00,271.79
2018-09-18 13:34:00,272.0
2018-09-18 13:35:00,272.0
2018-09-18 13:36:00,272.09
2018-09-18 13:37:00,272.19
2018-09-18 13:38:00,272.17
2018-09-18 13:39:00,272.24
2018-09-18 13:40:00,272.2358
2018-09-18 13:41:00,272.2
2018-09-18 13:42:00,272.35
2018-09-18 13:43:00,272.44
2018-09-18 13:44:00,272.18
2018-09-18 13:45:00,272.055
2018-09-18 13:46:00,271.98
2018-09-18 13:47:00,272.02
2018-09-18 13:48:00,272.13
2018-09-18 13:49:00,272.25
2018-09-18 13:50:00,272.2051
2018-09-18 13:51:00,272.16
2018-09-18 13:52:00,272.2075
2018-09-18 13:53:00,272.28
2018-09-18 13:54:00,272.42
2018-09-18 13:55:00,272.6
2018-09-18 13:56:00,272.55
2018-09-18 13:57:00,272.47
2018-09-18 13:58:00,272.2401
2018-09-18 13:59:00,272.22
2018-09-18 14:00:00,272.18
2018-09-18 14:01:00,272.14
2018-09-18 14:02:00,272.19
2018-09-18 14:03:00,272.14
2018-09-18 14:04:00,272.26
2018-09-18 14:05:00,272.035
2018-09-18 14:06:00,272.1811
2018-09-18 14:07:00,272.21
2018-09-18 14:08:00,272.24
2018-09-18 14:09:00,272.19
2018-09-18 14:10:00,272.25
2018-09-18 14:11:00,272.2
2018-09-18 14:12:00,272.14
2018-09-18 14:13:00,272.1675
2018-09-18 14:14:00,272.16
2018-09-18 14:15:00,272.14
2018-09-18 14:16:00,271.9125
2018-09-18 14:17:00,271.9075
2018-09-18 14:18:00,271.92
2018-09-18 14:19:00,271.95
2018-09-18 14:20:00,271.87
2018-09-18 14:21:00,271.885
2018-09-18 14:22:00,272.01
2018-09-18 14:23:00,272.01
2018-09-18 14:24:00,272.12
2018-09-18 14:25:00,272.12
2018-09-18 14:26:00,271.97
2018-09-18 14:27:00,272.0
2018-09-18 14:28:00,272.06
2018-09-18 14:29:00,271.98
2018-09-18 14:30:00,271.95
2018-09-18 14:31:00,271.83
2018-09-18 14:32:00,271.785
2018-09-18 14:33:00,271.83
2018-09-18 14:34:00,271.81
2018-09-18 14:35:00,271.9975
2018-09-18 14:36:00,272.02
2018-09-18 14:37:00,271.88
2018-09-18 14:38:00,271.83
2018-09-18 14:39:00,271.73
2018-09-18 14:40:00,271.77
2018-09-18 14:41:00,271.67
2018-09-18 14:42:00,271.6101
2018-09-18 14:43:00,271.55
2018-09-18 14:44:00,271.57
2018-09-18 14:45:00,271.515
2018-09-18 14:46:00,271.52
2018-09-18 14:47:00,271.6001
2018-09-18 14:48:00,271.61
2018-09-18 14:49:00,271.57
2018-09-18 14:50:00,271.56
2018-09-18 14:51:00,271.6554
2018-09-18 14:52:00,271.7
2018-09-18 14:53:00,271.649
2018-09-18 14:54:00,271.73
2018-09-18 14:55:00,271.63
2018-09-18 14:56:00,271.73
2018-09-18 14:57:00,271.73
2018-09-18 14:58:00,271.54
2018-09-18 14:59:00,271.58
2018-09-18 15:00:00,271.64
2018-09-18 15:01:00,271.76
2018-09-18 15:02:00,271.8
2018-09-18 15:03:00,271.8
2018-09-18 15:04:00,271.75
2018-09-18 15:05:00,271.73
2018-09-18 15:06:00,271.72
2018-09-18 15:07:00,271.63
2018-09-18 15:08:00,271.62
2018-09-18 15:09:00,271.53
2018-09-18 15:10:00,271.57
2018-09-18 15:11:00,271.57
2018-09-18 15:12:00,271.57
2018-09-18 15:13:00,271.56
2018-09-18 15:14:00,271.6
2018-09-18 15:15:00,271.53
2018-09-18 15:16:00,271.65
2018-09-18 15:17:00,271.59
2018-09-18 15:18:00,271.69
2018-09-18 15:19:00,271.54
2018-09-18 15:20:00,271.68
2018-09-18 15:21:00,271.77
2018-09-18 15:22:00,271.78
2018-09-18 15:23:00,271.74
2018-09-18 15:24:00,271.74
2018-09-18 15:25:00,271.775
2018-09-18 15:26:00,271.69
2018-09-18 15:27:00,271.6254
2018-09-18 15:28:00,271.58
2018-09-18 15:29:00,271.53
2018-09-18 15:30:00,271.54
2018-09-18 15:31:00,271.5
2018-09-18 15:32:00,271.46
2018-09-18 15:33:00,271.42
2018-09-18 15:34:00,271.34
2018-09-18 15:35:00,271.29
2018-09-18 15:36:00,271.3
2018-09-18 15:37:00,271.21
2018-09-18 15:38:00,271.33
2018-09-18 15:39:00,271.32
2018-09-18 15:40:00,271.43
2018-09-18 15:41:00,271.32
2018-09-18 15:42:00,271.32
2018-09-18 15:43:00,271.22
2018-09-18 15:44:00,271.29
2018-09-18 15:45:00,271.2375
2018-09-18 15:46:00,271.16
2018-09-18 15:47:00,271.27
2018-09-18 15:48:00,271.22
2018-09-18 15:49:00,271.23
2018-09-18 15:50:00,271.13
2018-09-18 15:51:00,271.085
2018-09-18 15:52:00,271.06
2018-09-18 15:53:00,271.04
2018-09-18 15:54:00,270.95
2018-09-18 15:55:00,270.92
2018-09-18 15:56:00,270.94
2018-09-18 15:57:00,270.83
2018-09-18 15:58:00,270.81
2018-09-18 15:59:00,270.79
2018-09-19 09:30:00,271.08
2018-09-19 09:31:00,270.86
2018-09-19 09:32:00,271.485
2018-09-19 09:33:00,270.91
2018-09-19 09:34:00,271.0
2018-09-19 09:35:00,270.5
2018-09-19 09:36:00,270.3182
2018-09-19 09:37:00,270.2
2018-09-19 09:38:00,268.54
2018-09-19 09:39:00,268.12
2018-09-19 09:40:00,268.42
2018-09-19 09:41:00,268.38
2018-09-19 09:42:00,267.9
2018-09-19 09:43:00,267.91
2018-09-19 09:44:00,267.73
2018-09-19 09:45:00,267.55
2018-09-19 09:46:00,267.52
2018-09-19 09:47:00,267.94
2018-09-19 09:48:00,268.09
2018-09-19 09:49:00,267.92
2018-09-19 09:50:00,267.48
2018-09-19 09:51:00,267.3
2018-09-19 09:52:00,267.2939
2018-09-19 09:53:00,266.9005
2018-09-19 09:54:00,267.6375
2018-09-19 09:55:00,267.08
2018-09-19 09:56:00,267.07
2018-09-19 09:57:00,267.1622
2018-09-19 09:58:00,267.135
2018-09-19 09:59:00,267.34
2018-09-19 10:00:00,267.19
2018-09-19 10:01:00,267.76
2018-09-19 10:02:00,267.53
2018-09-19 10:03:00,267.47
2018-09-19 10:04:00,267.44
2018-09-19 10:05:00,267.44
2018-09-19 10:06:00,267.51
2018-09-19 10:07:00,267.18
2018-09-19 10:08:00,267.13
2018-09-19 10:09:00,266.99
2018-09-19 10:10:00,266.68
2018-09-19 10:11:00,266.29
2018-09-19 10:12:00,266.21
2018-09-19 10:13:00,266.17
2018-09-19 10:14:00,266.34
2018-09-19 10:15:00,266.276
2018-09-19 10:16:00,266.27
2018-09-19 10:17:00,266.21
2018-09-19 10:18:00,266.09
2018-09-19 10:19:00,266.07
2018-09-19 10:20:00,265.89
2018-09-19 10:21:00,265.7038
2018-09-19 10:22:00,266.2487
2018-09-19 10:23:00,266.5
2018-09-19 10:24:00,266.63
2018-09-19 10:25:00,266.9
2018-09-19 10:26:00,266.5
2018-09-19 10:27:00,266.55
2018-09-19 10:28:00,266.51
2018-09-19 10:29:00,266.51
2018-09-19 10:30:00,266.58
2018-09-19 10:31:00,266.82
2018-09-19 10:33:00,266.68
2018-09-19 10:34:00,266.32
2018-09-19 10:35:00,266.73
2018-09-19 10:36:00,266.3609
2018-09-19 10:37:00,266.2964
2018-09-19 10:38:00,266.3623
2018-09-19 10:39:00,266.15
2018-09-19 10:40:00,266.2679
2018-09-19 10:41:00,266.18
2018-09-19 10:42:00,266.24
2018-09-19 10:44:00,266.16
2018-09-19 10:45:00,265.93
2018-09-19 10:46:00,266.045
2018-09-19 10:48:00,266.2075
2018-09-19 10:49:00,265.94
2018-09-19 10:50:00,265.83
2018-09-19 10:51:00,265.45
2018-09-19 10:52:00,265.54
2018-09-19 10:53:00,265.935
2018-09-19 10:54:00,265.6971
2018-09-19 10:55:00,265.59
2018-09-19 10:56:00,265.7659
2018-09-19 10:57:00,265.68
2018-09-19 10:58:00,265.96
2018-09-19 10:59:00,265.87
2018-09-19 11:00:00,265.8
2018-09-19 11:01:00,265.83
2018-09-19 11:02:00,265.79
2018-09-19 11:03:00,266.2
2018-09-19 11:04:00,266.4093
2018-09-19 11:05:00,266.49
2018-09-19 11:06:00,266.695
2018-09-19 11:07:00,266.9
2018-09-19 11:08:00,266.97
2018-09-19 11:09:00,267.17
2018-09-19 11:10:00,267.12
2018-09-19 11:11:00,267.23
2018-09-19 11:12:00,267.34
2018-09-19 11:13:00,267.37
2018-09-19 11:14:00,267.3
2018-09-19 11:15:00,267.185
2018-09-19 11:16:00,267.53
2018-09-19 11:17:00,267.331
2018-09-19 11:18:00,267.1201
2018-09-19 11:19:00,267.04
2018-09-19 11:20:00,267.16
2018-09-19 11:21:00,267.5
2018-09-19 11:22:00,267.445
2018-09-19 11:23:00,267.33
2018-09-19 11:24:00,267.2025
2018-09-19 11:25:00,267.205
2018-09-19 11:26:00,267.15
2018-09-19 11:27:00,267.19
2018-09-19 11:28:00,267.095
2018-09-19 11:29:00,267.25
2018-09-19 11:30:00,266.9
2018-09-19 11:31:00,266.995
2018-09-19 11:32:00,266.99
2018-09-19 11:33:00,267.13
2018-09-19 11:34:00,266.965
2018-09-19 11:35:00,266.98
2018-09-19 11:36:00,266.82
2018-09-19 11:37:00,266.88
2018-09-19 11:38:00,266.955
2018-09-19 11:39:00,266.995
2018-09-19 11:40:00,266.85
2018-09-19 11:41:00,266.8
2018-09-19 11:42:00,266.78
2018-09-19 11:43:00,266.83
2018-09-19 11:44:00,266.7025
2018-09-19 11:45:00,266.45
2018-09-19 11:46:00,266.285
2018-09-19 11:48:00,266.18
2018-09-19 11:49:00,266.03
2018-09-19 11:50:00,266.17
2018-09-19 11:51:00,266.28
2018-09-19 11:52:00,266.318
2018-09-19 11:53:00,266.65
2018-09-19 11:54:00,266.46
2018-09-19 11:55:00,266.4
2018-09-19 11:56:00,266.49
2018-09-19 11:57:00,266.67
2018-09-19 11:58:00,266.679
2018-09-19 11:59:00,266.83
2018-09-19 12:00:00,266.64
2018-09-19 12:01:00,266.675
2018-09-19 12:02:00,266.575
2018-09-19 12:03:00,266.61
2018-09-19 12:04:00,266.51
2018-09-19 12:05:00,266.325
2018-09-19 12:06:00,266.16
2018-09-19 12:07:00,266.15
2018-09-19 12:08:00,266.08
2018-09-19 12:09:00,266.1384
2018-09-19 12:10:00,266.0644
2018-09-19 12:11:00,265.95
2018-09-19 12:12:00,265.8015
2018-09-19 12:13:00,265.835
2018-09-19 12:14:00,265.815
2018-09-19 12:15:00,265.84
2018-09-19 12:16:00,265.48
2018-09-19 12:17:00,265.5754
2018-09-19 12:18:00,265.4856
2018-09-19 12:19:00,265.585
2018-09-19 12:20:00,265.6421
2018-09-19 12:21:00,265.42
2018-09-19 12:22:00,265.54
2018-09-19 12:23:00,265.49
2018-09-19 12:24:00,265.55
2018-09-19 12:25:00,265.56
2018-09-19 12:26:00,265.51
2018-09-19 12:27:00,265.485
2018-09-19 12:28:00,265.35
2018-09-19 12:29:00,265.33
2018-09-19 12:30:00,265.185
2018-09-19 12:31:00,265.345
2018-09-19 12:32:00,265.265
2018-09-19 12:33:00,265.07
2018-09-19 12:34:00,265.17
2018-09-19 12:35:00,265.14
2018-09-19 12:36:00,265.07
2018-09-19 12:37:00,264.69
2018-09-19 12:38:00,264.6
2018-09-19 12:39:00,264.645
2018-09-19 12:40:00,264.7808
2018-09-19 12:41:00,264.75
2018-09-19 12:42:00,264.54
2018-09-19 12:43:00,264.57
2018-09-19 12:44:00,264.87
2018-09-19 12:45:00,264.66
2018-09-19 12:46:00,264.605
2018-09-19 12:47:00,264.7
2018-09-19 12:48:00,264.5001
2018-09-19 12:49:00,264.59
2018-09-19 12:50:00,264.56
2018-09-19 12:51:00,264.72
2018-09-19 12:52:00,264.59
2018-09-19 12:53:00,264.685
2018-09-19 12:54:00,264.89
2018-09-19 12:55:00,264.9401
2018-09-19 12:56:00,264.85
2018-09-19 12:57:00,264.63
2018-09-19 12:58:00,264.7072
2018-09-19 12:59:00,264.68
2018-09-19 13:00:00,264.6402
2018-09-19 13:01:00,264.56
2018-09-19 13:02:00,264.427
2018-09-19 13:03:00,264.44
2018-09-19 13:04:00,264.44
2018-09-19 13:05:00,264.2054
2018-09-19 13:06:00,264.19
2018-09-19 13:07:00,264.22
2018-09-19 13:08:00,263.9
2018-09-19 13:09:00,263.71
2018-09-19 13:10:00,263.84
2018-09-19 13:11:00,263.83
2018-09-19 13:12:00,263.97
2018-09-19 13:14:00,263.965
2018-09-19 13:15:00,263.99
2018-09-19 13:16:00,264.08
2018-09-19 13:17:00,264.09
2018-09-19 13:18:00,264.0884
2018-09-19 13:19:00,264.03
2018-09-19 13:20:00,263.95
2018-09-19 13:21:00,264.16
2018-09-19 13:22:00,264.07
2018-09-19 13:23:00,263.87
2018-09-19 13:24:00,263.8701
2018-09-19 13:25:00,263.92
2018-09-19 13:26:00,263.98
2018-09-19 13:27:00,264.1
2018-09-19 13:28:00,263.9375
2018-09-19 13:29:00,264.0457
2018-09-19 13:30:00,263.94
2018-09-19 13:31:00,264.1
2018-09-19 13:32:00,264.165
2018-09-19 13:33:00,263.925
2018-09-19 13:34:00,264.075
2018-09-19 13:35:00,264.03
2018-09-19 13:36:00,264.165
2018-09-19 13:37:00,264.52
2018-09-19 13:38:00,264.56
2018-09-19 13:39:00,264.6
2018-09-19 13:40:00,264.62
2018-09-19 13:41:00,264.58
2018-09-19 13:42:00,264.66
2018-09-19 13:43:00,264.57
2018-09-19 13:44:00,264.6433
2018-09-19 13:45:00,264.54
2018-09-19 13:46:00,264.665
2018-09-19 13:47:00,264.635
2018-09-19 13:48:00,264.64
2018-09-19 13:49:00,264.645
2018-09-19 13:50:00,264.64
2018-09-19 13:51:00,264.73
2018-09-19 13:52:00,264.639
2018-09-19 13:53:00,264.74
2018-09-19 13:54:00,264.72
2018-09-19 13:55:00,264.71
2018-09-19 13:56:00,264.56
2018-09-19 13:57:00,264.57
2018-09-19 13:58:00,264.72
2018-09-19 13:59:00,264.79
2018-09-19 14:00:00,264.71
2018-09-19 14:01:00,264.76
2018-09-19 14:02:00,264.6625
2018-09-19 14:03:00,264.75
2018-09-19 14:04:00,264.7
2018-09-19 14:05:00,264.69
2018-09-19 14:06:00,264.845
2018-09-19 14:07:00,264.81
2018-09-19 14:08:00,264.81
2018-09-19 14:09:00,264.8301
2018-09-19 14:10:00,264.85
2018-09-19 14:11:00,264.78
2018-09-19 14:12:00,264.82
2018-09-19 14:13:00,264.94
2018-09-19 14:14:00,265.029
2018-09-19 14:15:00,264.81
2018-09-19 14:16:00,264.9
2018-09-19 14:17:00,264.74
2018-09-19 14:18:00,264.76
2018-09-19 14:19:00,264.8
2018-09-19 14:20:00,264.78
2018-09-19 14:21:00,264.84
2018-09-19 14:22:00,264.78
2018-09-19 14:23:00,264.8
2018-09-19 14:24:00,264.81
2018-09-19 14:25:00,264.84
2018-09-19 14:26:00,264.83
2018-09-19 14:27:00,264.78
2018-09-19 14:28:00,264.7801
2018-09-19 14:29:00,264.73
2018-09-19 14:30:00,264.65
2018-09-19 14:31:00,264.64
2018-09-19 14:32:00,264.5973
2018-09-19 14:33:00,264.34
2018-09-19 14:34:00,264.29
2018-09-19 14:35:00,264.41
2018-09-19 14:36:00,264.53
2018-09-19 14:37:00,264.43
2018-09-19 14:38:00,264.49
2018-09-19 14:39:00,264.36
2018-09-19 14:40:00,264.34
2018-09-19 14:41:00,264.33
2018-09-19 14:42:00,264.221
2018-09-19 14:43:00,264.165
2018-09-19 14:44:00,264.21
2018-09-19 14:45:00,264.185
2018-09-19 14:46:00,264.255
2018-09-19 14:47:00,264.22
2018-09-19 14:48:00,264.26
2018-09-19 14:49:00,264.36
2018-09-19 14:50:00,264.36
2018-09-19 14:51:00,264.26
2018-09-19 14:52:00,264.23
2018-09-19 14:53:00,264.25
2018-09-19 14:54:00,264.25
2018-09-19 14:55:00,264.33
2018-09-19 14:56:00,264.28
2018-09-19 14:57:00,264.33
2018-09-19 14:58:00,264.28
2018-09-19 14:59:00,264.2706
2018-09-19 15:00:00,264.3
2018-09-19 15:01:00,264.3
2018-09-19 15:02:00,264.21
2018-09-19 15:03:00,264.22
2018-09-19 15:04:00,264.21
2018-09-19 15:05:00,264.23
2018-09-19 15:06:00,264.25
2018-09-19 15:07:00,264.34
2018-09-19 15:08:00,264.39
2018-09-19 15:09:00,264.34
2018-09-19 15:10:00,264.41
2018-09-19 15:11:00,264.4
2018-09-19 15:12:00,264.5
2018-09-19 15:13:00,264.41
2018-09-19 15:14:00,264.38
2018-09-19 15:15:00,264.37
2018-09-19 15:16:00,264.35
2018-09-19 15:17:00,264.27
2018-09-19 15:18:00,264.37
2018-09-19 15:19:00,264.41
2018-09-19 15:20:00,264.38
2018-09-19 15:21:00,264.45
2018-09-19 15:22:00,264.54
2018-09-19 15:23:00,264.75
2018-09-19 15:24:00,264.635
2018-09-19 15:25:00,264.72
2018-09-19 15:26:00,264.73
2018-09-19 15:27:00,264.62
2018-09-19 15:28:00,264.58
2018-09-19 15:29:00,264.58
2018-09-19 15:30:00,264.71
2018-09-19 15:31:00,264.66
2018-09-19 15:32:00,264.77
2018-09-19 15:33:00,264.765
2018-09-19 15:34:00,264.7475
2018-09-19 15:35:00,264.87
2018-09-19 15:36:00,264.93
2018-09-19 15:37:00,264.86
2018-09-19 15:38:00,264.985
2018-09-19 15:39:00,264.9
2018-09-19 15:40:00,264.97
2018-09-19 15:41:00,264.98
2018-09-19 15:42:00,264.97
2018-09-19 15:43:00,265.0
2018-09-19 15:44:00,265.0
2018-09-19 15:45:00,264.96
2018-09-19 15:46:00,265.0
2018-09-19 15:47:00,264.925
2018-09-19 15:48:00,264.83
2018-09-19 15:49:00,264.82
2018-09-19 15:50:00,265.02
2018-09-19 15:51:00,265.08
2018-09-19 15:52:00,265.1879
2018-09-19 15:53:00,265.16
2018-09-19 15:54:00,265.19
2018-09-19 15:55:00,265.1
2018-09-19 15:56:00,264.91
2018-09-19 15:57:00,264.97
2018-09-19 15:58:00,265.0
2018-09-19 15:59:00,264.94
2018-09-20 09:30:00,266.58
2018-09-20 09:31:00,266.32
2018-09-20 09:32:00,266.04
2018-09-20 09:33:00,266.41
2018-09-20 09:34:00,264.42
2018-09-20 09:35:00,265.1
2018-09-20 09:36:00,265.14
2018-09-20 09:37:00,266.14
2018-09-20 09:38:00,265.78
2018-09-20 09:39:00,265.7038
2018-09-20 09:40:00,265.9683
2018-09-20 09:41:00,266.5
2018-09-20 09:42:00,266.7
2018-09-20 09:43:00,266.16
2018-09-20 09:44:00,266.66
2018-09-20 09:45:00,266.15
2018-09-20 09:46:00,265.76
2018-09-20 09:47:00,266.18
2018-09-20 09:48:00,266.549
2018-09-20 09:49:00,266.3
2018-09-20 09:50:00,266.11
2018-09-20 09:51:00,266.36
2018-09-20 09:52:00,266.62
2018-09-20 09:53:00,266.55
2018-09-20 09:54:00,266.65
2018-09-20 09:55:00,267.05
2018-09-20 09:56:00,267.065
2018-09-20 09:57:00,267.309
2018-09-20 09:58:00,267.39
2018-09-20 09:59:00,267.7958
2018-09-20 10:00:00,267.97
2018-09-20 10:01:00,268.71
2018-09-20 10:02:00,268.67
2018-09-20 10:03:00,268.74
2018-09-20 10:04:00,268.77
2018-09-20 10:05:00,268.33
2018-09-20 10:06:00,268.64
2018-09-20 10:07:00,268.49
2018-09-20 10:08:00,268.104
2018-09-20 10:09:00,268.26
2018-09-20 10:10:00,268.03
2018-09-20 10:11:00,268.25
2018-09-20 10:12:00,268.11
2018-09-20 10:13:00,268.3437
2018-09-20 10:14:00,268.31
2018-09-20 10:15:00,268.27
2018-09-20 10:16:00,268.3755
2018-09-20 10:17:00,268.47
2018-09-20 10:18:00,268.41
2018-09-20 10:19:00,268.3
2018-09-20 10:20:00,268.47
2018-09-20 10:21:00,268.605
2018-09-20 10:22:00,268.46
2018-09-20 10:23:00,268.4
2018-09-20 10:24:00,268.52
2018-09-20 10:25:00,268.53
2018-09-20 10:26:00,268.4399
2018-09-20 10:27:00,268.3
2018-09-20 10:28:00,267.94
2018-09-20 10:29:00,268.13
2018-09-20 10:30:00,268.22
2018-09-20 10:31:00,268.38
2018-09-20 10:32:00,268.64
2018-09-20 10:33:00,268.4
2018-09-20 10:34:00,268.4
2018-09-20 10:35:00,267.81
2018-09-20 10:36:00,267.7725
2018-09-20 10:37:00,267.98
2018-09-20 10:38:00,268.3
2018-09-20 10:39:00,268.19
2018-09-20 10:40:00,268.16
2018-09-20 10:41:00,268.36
2018-09-20 10:42:00,268.4099
2018-09-20 10:43:00,268.23
2018-09-20 10:44:00,268.44
2018-09-20 10:45:00,268.59
2018-09-20 10:46:00,268.2
2018-09-20 10:47:00,268.235
2018-09-20 10:48:00,268.18
2018-09-20 10:49:00,268.26
2018-09-20 10:50:00,268.1
2018-09-20 10:51:00,268.16
2018-09-20 10:52:00,267.9872
2018-09-20 10:53:00,268.11
2018-09-20 10:54:00,268.1101
2018-09-20 10:55:00,268.35
2018-09-20 10:56:00,268.365
2018-09-20 10:57:00,268.71
2018-09-20 10:58:00,268.555
2018-09-20 10:59:00,268.525
2018-09-20 11:00:00,268.6325
2018-09-20 11:01:00,268.77
2018-09-20 11:02:00,268.9
2018-09-20 11:03:00,268.7629
2018-09-20 11:04:00,268.83
2018-09-20 11:05:00,268.73
2018-09-20 11:06:00,269.13
2018-09-20 11:07:00,268.975
2018-09-20 11:08:00,269.01
2018-09-20 11:09:00,269.02
2018-09-20 11:10:00,268.79
2018-09-20 11:11:00,268.38
2018-09-20 11:12:00,268.2
2018-09-20 11:13:00,268.46
2018-09-20 11:14:00,268.49
2018-09-20 11:15:00,268.4
2018-09-20 11:16:00,268.39
2018-09-20 11:18:00,268.36
2018-09-20 11:19:00,268.5092
2018-09-20 11:20:00,268.56
2018-09-20 11:21:00,268.7
2018-09-20 11:22:00,268.8888
2018-09-20 11:23:00,269.02
2018-09-20 11:24:00,268.95
2018-09-20 11:25:00,268.89
2018-09-20 11:26:00,268.7832
2018-09-20 11:28:00,268.77
2018-09-20 11:30:00,268.845
2018-09-20 11:31:00,268.8526
2018-09-20 11:32:00,268.95
2018-09-20 11:33:00,269.09
2018-09-20 11:34:00,269.08
2018-09-20 11:35:00,269.11
2018-09-20 11:36:00,269.31
2018-09-20 11:37:00,269.5
2018-09-20 11:38:00,269.22
2018-09-20 11:39:00,269.15
2018-09-20 11:40:00,269.26
2018-09-20 11:41:00,269.23
2018-09-20 11:42:00,269.01
2018-09-20 11:43:00,269.14
2018-09-20 11:44:00,269.255
2018-09-20 11:45:00,269.41
2018-09-20 11:46:00,269.09
2018-09-20 11:47:00,268.85
2018-09-20 11:48:00,268.87
2018-09-20 11:50:00,268.87
2018-09-20 11:51:00,268.78
2018-09-20 11:52:00,268.89
2018-09-20 11:53:00,268.935
2018-09-20 11:54:00,268.83
2018-09-20 11:55:00,268.79
2018-09-20 11:56:00,268.81
2018-09-20 11:57:00,268.8
2018-09-20 11:58:00,268.805
2018-09-20 11:59:00,268.82
2018-09-20 12:00:00,268.8
2018-09-20 12:01:00,268.67
2018-09-20 12:02:00,268.4501
2018-09-20 12:03:00,268.555
2018-09-20 12:04:00,268.24
2018-09-20 12:05:00,268.22
2018-09-20 12:06:00,268.56
2018-09-20 12:07:00,268.7
2018-09-20 12:08:00,268.6
2018-09-20 12:09:00,268.6
2018-09-20 12:10:00,268.58
2018-09-20 12:11:00,268.59
2018-09-20 12:12:00,268.52
2018-09-20 12:13:00,268.63
2018-09-20 12:14:00,268.58
2018-09-20 12:15:00,268.67
2018-09-20 12:16:00,268.58
2018-09-20 12:17:00,268.76
2018-09-20 12:18:00,268.67
2018-09-20 12:19:00,268.57
2018-09-20 12:20:00,268.64
2018-09-20 12:21:00,268.62
2018-09-20 12:23:00,268.81
2018-09-20 12:24:00,268.81
2018-09-20 12:25:00,268.74
2018-09-20 12:26:00,268.62
2018-09-20 12:27:00,268.61
2018-09-20 12:28:00,268.72
2018-09-20 12:29:00,268.7
2018-09-20 12:30:00,268.56
2018-09-20 12:31:00,268.5
2018-09-20 12:32:00,268.51
2018-09-20 12:33:00,268.3813
2018-09-20 12:34:00,268.3
2018-09-20 12:35:00,268.35
2018-09-20 12:36:00,268.32
2018-09-20 12:37:00,268.42
2018-09-20 12:38:00,268.49
2018-09-20 12:39:00,268.5082
2018-09-20 12:40:00,268.52
2018-09-20 12:41:00,268.23
2018-09-20 12:42:00,268.32
2018-09-20 12:43:00,268.235
2018-09-20 12:44:00,268.25
2018-09-20 12:45:00,268.1303
2018-09-20 12:46:00,268.155
2018-09-20 12:47:00,268.19
2018-09-20 12:48:00,268.11
2018-09-20 12:49:00,268.19
2018-09-20 12:50:00,268.27
2018-09-20 12:51:00,268.21
2018-09-20 12:52:00,268.23
2018-09-20 12:53:00,268.2
2018-09-20 12:54:00,268.19
2018-09-20 12:55:00,268.194
2018-09-20 12:56:00,268.18
2018-09-20 12:57:00,267.95
2018-09-20 12:58:00,267.9899
2018-09-20 12:59:00,267.83
2018-09-20 13:00:00,267.87
2018-09-20 13:01:00,267.66
2018-09-20 13:02:00,267.84
2018-09-20 13:03:00,267.78
2018-09-20 13:04:00,267.85
2018-09-20 13:05:00,267.97
2018-09-20 13:06:00,268.11
2018-09-20 13:07:00,267.91
2018-09-20 13:08:00,267.99
2018-09-20 13:09:00,267.86
2018-09-20 13:10:00,267.44
2018-09-20 13:11:00,267.39
2018-09-20 13:12:00,267.26
2018-09-20 13:13:00,266.9232
2018-09-20 13:14:00,267.0949
2018-09-20 13:15:00,266.52
2018-09-20 13:16:00,266.497
2018-09-20 13:17:00,266.58
2018-09-20 13:18:00,266.455
2018-09-20 13:19:00,266.13
2018-09-20 13:20:00,266.63
2018-09-20 13:21:00,266.555
2018-09-20 13:22:00,266.715
2018-09-20 13:23:00,266.45
2018-09-20 13:24:00,266.4725
2018-09-20 13:25:00,266.36
2018-09-20 13:26:00,266.14
2018-09-20 13:27:00,266.2
2018-09-20 13:28:00,266.16
2018-09-20 13:29:00,266.22
2018-09-20 13:30:00,266.1
2018-09-20 13:31:00,265.82
2018-09-20 13:32:00,265.82
2018-09-20 13:33:00,266.2
2018-09-20 13:34:00,266.33
2018-09-20 13:35:00,266.285
2018-09-20 13:36:00,266.155
2018-09-20 13:37:00,266.1813
2018-09-20 13:38:00,266.065
2018-09-20 13:39:00,266.05
2018-09-20 13:40:00,265.92
2018-09-20 13:41:00,265.75
2018-09-20 13:42:00,265.76
2018-09-20 13:43:00,265.67
2018-09-20 13:44:00,265.55
2018-09-20 13:45:00,265.44
2018-09-20 13:46:00,265.185
2018-09-20 13:47:00,265.45
2018-09-20 13:48:00,265.52
2018-09-20 13:49:00,265.52
2018-09-20 13:50:00,265.64
2018-09-20 13:51:00,265.8
2018-09-20 13:52:00,265.8
2018-09-20 13:53:00,265.92
2018-09-20 13:54:00,265.94
2018-09-20 13:55:00,266.09
2018-09-20 13:56:00,266.1
2018-09-20 13:57:00,266.11
2018-09-20 13:58:00,266.3361
2018-09-20 13:59:00,266.2
2018-09-20 14:00:00,266.18
2018-09-20 14:01:00,266.28
2018-09-20 14:02:00,266.21
2018-09-20 14:03:00,266.255
2018-09-20 14:04:00,266.28
2018-09-20 14:05:00,266.345
2018-09-20 14:06:00,266.27
2018-09-20 14:07:00,266.1942
2018-09-20 14:08:00,266.17
2018-09-20 14:09:00,266.17
2018-09-20 14:10:00,266.28
2018-09-20 14:11:00,266.25
2018-09-20 14:12:00,266.25
2018-09-20 14:13:00,266.23
2018-09-20 14:14:00,266.25
2018-09-20 14:15:00,266.09
2018-09-20 14:16:00,266.04
2018-09-20 14:17:00,266.12
2018-09-20 14:18:00,266.17
2018-09-20 14:19:00,266.14
2018-09-20 14:20:00,266.02
2018-09-20 14:21:00,265.84
2018-09-20 14:22:00,265.7926
2018-09-20 14:23:00,265.8
2018-09-20 14:24:00,265.71
2018-09-20 14:25:00,265.91
2018-09-20 14:26:00,265.71
2018-09-20 14:27:00,265.9185
2018-09-20 14:28:00,265.9
2018-09-20 14:29:00,265.94
2018-09-20 14:30:00,266.11
2018-09-20 14:31:00,266.11
2018-09-20 14:32:00,266.14
2018-09-20 14:33:00,266.05
2018-09-20 14:34:00,266.04
2018-09-20 14:35:00,266.15
2018-09-20 14:36:00,266.115
2018-09-20 14:37:00,266.07
2018-09-20 14:38:00,266.27
2018-09-20 14:39:00,266.18
2018-09-20 14:40:00,266.21
2018-09-20 14:41:00,266.2
2018-09-20 14:42:00,266.13
2018-09-20 14:43:00,266.2
2018-09-20 14:44:00,266.32
2018-09-20 14:45:00,266.38
2018-09-20 14:46:00,266.37
2018-09-20 14:47:00,266.41
2018-09-20 14:48:00,266.4099
2018-09-20 14:49:00,266.4
2018-09-20 14:50:00,266.4
2018-09-20 14:51:00,266.43
2018-09-20 14:52:00,266.3301
2018-09-20 14:53:00,266.31
2018-09-20 14:54:00,266.37
2018-09-20 14:55:00,266.42
2018-09-20 14:56:00,266.53
2018-09-20 14:57:00,266.53
2018-09-20 14:58:00,266.48
2018-09-20 14:59:00,266.3968
2018-09-20 15:00:00,266.59
2018-09-20 15:01:00,266.79
2018-09-20 15:02:00,266.74
2018-09-20 15:03:00,266.7701
2018-09-20 15:04:00,266.79
2018-09-20 15:05:00,266.89
2018-09-20 15:06:00,266.8191
2018-09-20 15:07:00,266.8597
2018-09-20 15:08:00,266.74
2018-09-20 15:09:00,266.87
2018-09-20 15:10:00,266.8055
2018-09-20 15:11:00,266.84
2018-09-20 15:12:00,266.85
2018-09-20 15:13:00,266.99
2018-09-20 15:14:00,266.96
2018-09-20 15:15:00,266.93
2018-09-20 15:16:00,266.855
2018-09-20 15:17:00,266.95
2018-09-20 15:18:00,266.85
2018-09-20 15:19:00,266.66
2018-09-20 15:20:00,266.67
2018-09-20 15:21:00,266.74
2018-09-20 15:22:00,266.82
2018-09-20 15:23:00,266.74
2018-09-20 15:24:00,266.72
2018-09-20 15:25:00,266.66
2018-09-20 15:26:00,266.57
2018-09-20 15:27:00,266.6012
2018-09-20 15:28:00,266.645
2018-09-20 15:29:00,266.67
2018-09-20 15:30:00,266.69
2018-09-20 15:31:00,266.79
2018-09-20 15:32:00,266.74
2018-09-20 15:33:00,266.81
2018-09-20 15:34:00,266.81
2018-09-20 15:35:00,266.98
2018-09-20 15:36:00,267.01
2018-09-20 15:37:00,267.04
2018-09-20 15:38:00,266.86
2018-09-20 15:39:00,266.94
2018-09-20 15:40:00,266.93
2018-09-20 15:41:00,266.99
2018-09-20 15:42:00,267.02
2018-09-20 15:43:00,266.9908
2018-09-20 15:44:00,266.87
2018-09-20 15:45:00,266.78
2018-09-20 15:46:00,266.92
2018-09-20 15:47:00,266.96
2018-09-20 15:48:00,266.87
2018-09-20 15:49:00,266.72
2018-09-20 15:50:00,266.645
2018-09-20 15:51:00,266.66
2018-09-20 15:52:00,266.5
2018-09-20 15:53:00,266.49
2018-09-20 15:54:00,266.66
2018-09-20 15:55:00,266.69
2018-09-20 15:56:00,266.61
2018-09-20 15:57:00,266.49
2018-09-20 15:58:00,266.46
2018-09-20 15:59:00,266.34
2018-09-21 09:30:00,264.6725
2018-09-21 09:31:00,264.74
2018-09-21 09:32:00,263.6101
2018-09-21 09:33:00,262.69
2018-09-21 09:34:00,264.05
2018-09-21 09:35:00,264.45
2018-09-21 09:36:00,263.98
2018-09-21 09:37:00,265.16
2018-09-21 09:38:00,265.0
2018-09-21 09:39:00,265.8894
2018-09-21 09:40:00,265.07
2018-09-21 09:41:00,265.5658
2018-09-21 09:42:00,265.9
2018-09-21 09:43:00,265.84
2018-09-21 09:44:00,266.17
2018-09-21 09:45:00,266.67
2018-09-21 09:46:00,266.745
2018-09-21 09:47:00,267.0
2018-09-21 09:48:00,266.59
2018-09-21 09:49:00,266.39
2018-09-21 09:50:00,266.555
2018-09-21 09:51:00,266.53
2018-09-21 09:52:00,266.315
2018-09-21 09:53:00,265.9
2018-09-21 09:54:00,266.31
2018-09-21 09:56:00,266.27
2018-09-21 09:57:00,266.34
2018-09-21 09:58:00,266.92
2018-09-21 09:59:00,266.53
2018-09-21 10:00:00,266.64
2018-09-21 10:01:00,266.6
2018-09-21 10:02:00,266.93
2018-09-21 10:03:00,266.895
2018-09-21 10:04:00,266.83
2018-09-21 10:05:00,266.825
2018-09-21 10:06:00,266.71
2018-09-21 10:07:00,267.19
2018-09-21 10:08:00,267.46
2018-09-21 10:09:00,267.41
2018-09-21 10:10:00,267.05
2018-09-21 10:11:00,266.8
2018-09-21 10:12:00,266.88
2018-09-21 10:13:00,266.82
2018-09-21 10:14:00,267.19
2018-09-21 10:15:00,267.01
2018-09-21 10:16:00,267.05
2018-09-21 10:17:00,267.1
2018-09-21 10:18:00,266.9263
2018-09-21 10:19:00,267.024
2018-09-21 10:20:00,266.94
2018-09-21 10:21:00,266.43
2018-09-21 10:22:00,265.99
2018-09-21 10:23:00,265.94
2018-09-21 10:24:00,266.04
2018-09-21 10:25:00,265.49
2018-09-21 10:26:00,265.44
2018-09-21 10:27:00,265.31
2018-09-21 10:28:00,265.43
2018-09-21 10:29:00,265.3435
2018-09-21 10:30:00,264.97
2018-09-21 10:31:00,264.82
2018-09-21 10:32:00,264.74
2018-09-21 10:33:00,264.95
2018-09-21 10:34:00,264.63
2018-09-21 10:35:00,265.047
2018-09-21 10:36:00,265.075
2018-09-21 10:37:00,265.1
2018-09-21 10:38:00,264.985
2018-09-21 10:39:00,265.0076
2018-09-21 10:40:00,264.95
2018-09-21 10:41:00,264.92
2018-09-21 10:42:00,264.68
2018-09-21 10:43:00,264.745
2018-09-21 10:44:00,264.6
2018-09-21 10:45:00,264.6305
2018-09-21 10:46:00,264.4671
2018-09-21 10:47:00,264.66
2018-09-21 10:48:00,264.76
2018-09-21 10:49:00,264.72
2018-09-21 10:50:00,264.64
2018-09-21 10:51:00,264.71
2018-09-21 10:52:00,264.36
2018-09-21 10:53:00,264.225
2018-09-21 10:54:00,264.26
2018-09-21 10:55:00,264.14
2018-09-21 10:56:00,264.21
2018-09-21 10:57:00,264.19
2018-09-21 10:58:00,264.19
2018-09-21 10:59:00,263.99
2018-09-21 11:00:00,263.97
2018-09-21 11:01:00,263.83
2018-09-21 11:02:00,263.56
2018-09-21 11:03:00,263.83
2018-09-21 11:04:00,263.8899
2018-09-21 11:05:00,263.75
2018-09-21 11:06:00,263.82
2018-09-21 11:07:00,263.835
2018-09-21 11:08:00,264.11
2018-09-21 11:09:00,264.175
2018-09-21 11:10:00,264.35
2018-09-21 11:11:00,264.37
2018-09-21 11:12:00,264.24
2018-09-21 11:13:00,264.09
2018-09-21 11:14:00,263.97
2018-09-21 11:15:00,263.8
2018-09-21 11:16:00,264.13
2018-09-21 11:17:00,264.01
2018-09-21 11:18:00,264.07
2018-09-21 11:19:00,263.95
2018-09-21 11:20:00,263.9
2018-09-21 11:21:00,263.86
2018-09-21 11:22:00,263.91
2018-09-21 11:23:00,263.8199
2018-09-21 11:24:00,263.89
2018-09-21 11:25:00,263.68
2018-09-21 11:26:00,263.68
2018-09-21 11:27:00,263.6
2018-09-21 11:28:00,263.67
2018-09-21 11:29:00,263.625
2018-09-21 11:30:00,263.665
2018-09-21 11:31:00,263.71
2018-09-21 11:32:00,263.58
2018-09-21 11:33:00,263.48
2018-09-21 11:34:00,263.49
2018-09-21 11:35:00,263.33
2018-09-21 11:36:00,263.19
2018-09-21 11:37:00,263.37
2018-09-21 11:38:00,263.35
2018-09-21 11:39:00,263.31
2018-09-21 11:40:00,263.12
2018-09-21 11:41:00,263.115
2018-09-21 11:42:00,262.82
2018-09-21 11:43:00,262.71
2018-09-21 11:44:00,262.6
2018-09-21 11:45:00,262.74
2018-09-21 11:46:00,262.8
2018-09-21 11:47:00,262.72
2018-09-21 11:48:00,262.91
2018-09-21 11:49:00,262.95
2018-09-21 11:50:00,262.91
2018-09-21 11:51:00,262.67
2018-09-21 11:52:00,262.59
2018-09-21 11:53:00,262.6309
2018-09-21 11:54:00,262.95
2018-09-21 11:55:00,262.98
2018-09-21 11:56:00,262.92
2018-09-21 11:57:00,262.82
2018-09-21 11:58:00,262.43
2018-09-21 11:59:00,262.61
2018-09-21 12:00:00,262.82
2018-09-21 12:01:00,262.68
2018-09-21 12:02:00,262.69
2018-09-21 12:03:00,262.62
2018-09-21 12:04:00,262.54
2018-09-21 12:05:00,262.61
2018-09-21 12:06:00,262.66
2018-09-21 12:07:00,262.97
2018-09-21 12:08:00,263.3744
2018-09-21 12:09:00,263.46
2018-09-21 12:10:00,263.245
2018-09-21 12:11:00,263.395
2018-09-21 12:12:00,263.405
2018-09-21 12:13:00,263.32
2018-09-21 12:14:00,263.19
2018-09-21 12:15:00,263.26
2018-09-21 12:16:00,263.115
2018-09-21 12:17:00,263.05
2018-09-21 12:18:00,262.945
2018-09-21 12:19:00,262.99
2018-09-21 12:20:00,262.76
2018-09-21 12:21:00,262.74
2018-09-21 12:22:00,262.66
2018-09-21 12:23:00,262.55
2018-09-21 12:24:00,262.48
2018-09-21 12:25:00,262.3668
2018-09-21 12:26:00,262.53
2018-09-21 12:27:00,262.64
2018-09-21 12:28:00,262.53
2018-09-21 12:29:00,262.25
2018-09-21 12:30:00,262.06
2018-09-21 12:31:00,262.04
2018-09-21 12:32:00,261.73
2018-09-21 12:33:00,261.71
2018-09-21 12:34:00,261.64
2018-09-21 12:35:00,261.53
2018-09-21 12:36:00,261.5598
2018-09-21 12:37:00,261.67
2018-09-21 12:38:00,261.78
2018-09-21 12:39:00,261.98
2018-09-21 12:40:00,261.91
2018-09-21 12:41:00,261.83
2018-09-21 12:42:00,261.96
2018-09-21 12:43:00,262.08
2018-09-21 12:44:00,261.94
2018-09-21 12:45:00,262.04
2018-09-21 12:46:00,262.59
2018-09-21 12:47:00,262.58
2018-09-21 12:48:00,262.5439
2018-09-21 12:49:00,262.59
2018-09-21 12:50:00,262.5442
2018-09-21 12:51:00,262.25
2018-09-21 12:52:00,262.25
2018-09-21 12:53:00,262.29
2018-09-21 12:54:00,262.373
2018-09-21 12:55:00,262.23
2018-09-21 12:56:00,262.24
2018-09-21 12:57:00,262.15
2018-09-21 12:58:00,262.25
2018-09-21 12:59:00,262.32
2018-09-21 13:00:00,262.39
2018-09-21 13:01:00,262.32
2018-09-21 13:02:00,262.19
2018-09-21 13:03:00,262.08
2018-09-21 13:04:00,262.0
2018-09-21 13:05:00,262.08
2018-09-21 13:06:00,261.9201
2018-09-21 13:07:00,261.79
2018-09-21 13:08:00,261.73
2018-09-21 13:09:00,261.8671
2018-09-21 13:10:00,261.9
2018-09-21 13:11:00,261.84
2018-09-21 13:12:00,261.865
2018-09-21 13:13:00,261.72
2018-09-21 13:14:00,261.79
2018-09-21 13:15:00,261.82
2018-09-21 13:16:00,261.89
2018-09-21 13:17:00,261.935
2018-09-21 13:18:00,261.9013
2018-09-21 13:19:00,261.969
2018-09-21 13:20:00,261.982
2018-09-21 13:21:00,261.979
